{"eval_additional/lower_body_error":42.548712076397564,"eval_joints/Right knee":42.41206496567757,"eval_joints/Right elbow":54.26671836657155,"eval_joints/Left hand":69.15017010416747,"eval_joints/Center head":40.032459086847965,"train/loss_3d_pose":0.010719580658912561,"_runtime":32300.525950459,"eval_joints/Left foot":61.401679374074455,"eval/acceleration_error":0.8748928847872492,"eval_joints/Right foot":65.47887212601623,"train/total":0.030539244326116086,"_step":25,"eval/p-mpjpe":35.46982332950538,"train/loss_2d_proj":0,"eval_joints/Neck base":39.260660401013624,"_wandb":{"runtime":32300},"eval/mpjpe":43.09187068912388,"eval_joints/Upper torso":36.50693812132031,"eval_joints/Bottom torso":0,"eval_additional/upper_body_error":47.72695292154153,"eval_joints/Right shoulder":41.685545721953,"eval/min_mpjpe":43.09187068912388,"train/angle_velocity":0.004982599796747294,"train/loss_angle":0.0690307763241019,"eval_joints/Right hand":67.40796064427671,"eval_additional/1_DF_error":33.77973867742911,"eval_joints/Right hip":22.11114291784254,"eval_joints/Left knee":40.83588235213152,"_timestamp":1.7404991364701746e+09,"eval_joints/Center torso":28.72670844954901,"eval_additional/2_DF_error":46.99815589345021,"train/loss_lv":2.2334830785035252e-05,"eval_joints/Left elbow":57.443654696022456,"train/loss_lg":0.003090804804232613,"eval_joints/Left shoulder":42.78871362369327,"train/loss_3d_scale":0.010584946298271178,"eval_joints/Left hip":23.05263072264309,"train/loss_3d_velocity":0.0007263595244443778,"eval_additional/3_DF_error":65.85967056213372,"lr":0.0003928390704036094}